<?xml version="1.0" encoding="utf-8"?>
<component name="Nextpage" extends="Group">
    <script type = "text/brightscript" uri="Nextpage.brs" />
    <children>
        <!-- <Rectangle color="#000000" width="1280" height="720">
            <Label id="myLabel" text="Hello World " width="1280" height="720" vertAlign="center" horizAlign="center" />
        </Rectangle>
        <Rectangle>
            <Label translation="[450, 90]" id = "exampleLabel"  color = "0x1010EBFF" text = "Welcome to Amibiton International " width="600" height="350"/>
        </Rectangle> -->
        <ButtonGroup id = "exampleButtonGroup" />
    </children>
</component>